{
    "fit_time": 2.931112289428711,
    "image_2d_from_0": 0.0017969608306884766,
    "image_2d_from_1": 0.0012674331665039062,
    "_blurred_image_2d_from_0": 0.005751848220825195,
    "relocated_grid_from_0": 0.09360909461975098,
    "relocated_mesh_grid_from_0": 0.05602121353149414,
    "mesh_grid_from_0": 2.1219253540039062e-05,
    "image_2d_from_2": 0.0015926361083984375,
    "image_2d_from_3": 0.0012085437774658203,
    "_blurred_image_2d_from_1": 0.005618095397949219,
    "_curvature_matrix_mapper_diag_0": 1.9876842498779297,
    "_curvature_matrix_x1_mapper_0": 2.765655517578125e-05,
    "curvature_matrix_0": 0.005850791931152344,
    "regularization_matrix_0": 0.23441433906555176,
    "curvature_reg_matrix_0": 0.0011365413665771484,
    "w_tilde_data_0": 0.005079507827758789,
    "_data_vector_x1_mapper_0": 0.001302957534790039,
    "data_vector_0": 3.266334533691406e-05,
    "reconstruction_0": 0.12029147148132324,
    "mapped_reconstructed_data_dict_0": 0.006323337554931641,
    "mapped_reconstructed_data_0": 9.72747802734375e-05,
    "reconstruction_reduced_0": 6.9141387939453125e-06,
    "regularization_matrix_reduced_0": 3.337860107421875e-06,
    "regularization_term_0": 0.0008192062377929688,
    "curvature_reg_matrix_reduced_0": 5.0067901611328125e-06,
    "log_det_curvature_reg_matrix_term_0": 0.02011895179748535,
    "log_det_regularization_matrix_term_0": 0.010247468948364258,
    "figure_of_merit_0": 0.35763049125671387
}