index,galaxies_subhalo_mass_centre_0,galaxies_subhalo_mass_centre_1,log_likelihood_increase,      log_evidence
    0,                          -3.0,                          -3.0,     20496.677001312913, 20451.29272523341
    1,                          -3.0,                           0.0,      20496.73164953892,20451.329176406434
    2,                           0.0,                          -3.0,      20496.88215017959,20451.395913866498
    3,                           0.0,                           0.0,     20497.442456198653,20451.481115454015
