{"image_2d_from_0": 0.011807918548583984, "image_2d_from_1": 0.0043561458587646484, "image_2d_from_2": 0.006941556930541992, "image_2d_from_3": 0.004121065139770508, "operated_mapping_matrix_0": 1.9835638999938965, "curvature_matrix_0": 0.02681446075439453, "curvature_reg_matrix_0": 2.7894973754882812e-05, "data_vector_0": 0.005252838134765625, "reconstruction_0": 0.007345676422119141, "mapped_reconstructed_data_dict_0": 0.002705097198486328, "mapped_reconstructed_data_0": 6.246566772460938e-05, "regularization_term_0": 1.0251998901367188e-05, "log_det_curvature_reg_matrix_term_0": 3.5762786865234375e-06, "log_det_regularization_matrix_term_0": 3.0994415283203125e-06}