{"log_evidence": 5703.992005087376, "total_samples": 26208, "time": "15923.48499417305", "number_live_points": 250}