{"image_2d_from_0": 0.0028564929962158203, "image_2d_from_1": 0.00041556358337402344, "relocated_grid_from_0": 0.00911259651184082, "relocated_mesh_grid_from_0": 0.00016880035400390625, "mesh_grid_from_0": 7.152557373046875e-06, "image_2d_from_2": 0.001329183578491211, "image_2d_from_3": 0.0003407001495361328, "data_vector_0": 0.17239594459533691, "curvature_matrix_func_list_and_mapper_0": 3.66493821144104, "curvature_matrix_0": 2.6702880859375e-05, "regularization_matrix_0": 0.23864531517028809, "curvature_reg_matrix_0": 0.056174278259277344, "curvature_reg_matrix_cholesky_0": 0.44830846786499023, "reconstruction_0": 0.1621417999267578, "mapped_reconstructed_data_dict_0": 0.02644634246826172, "mapped_reconstructed_data_0": 0.0001266002655029297, "reconstruction_reduced_0": 7.319450378417969e-05, "regularization_matrix_reduced_0": 0.20082974433898926, "regularization_term_0": 0.0042438507080078125, "curvature_reg_matrix_reduced_0": 0.18277263641357422, "curvature_reg_matrix_reduced_cholesky_0": 0.3609328269958496, "log_det_curvature_reg_matrix_term_0": 0.0002532005310058594, "log_det_regularization_matrix_term_0": 0.108795166015625}