{
    "log_evidence": 20451.481115454015,
    "total_samples": 25200,
    "time": "3922.3845660686493",
    "number_live_points": 200
}