{
    "einstein_radius_max_lh": 0.9878524530055169,
    "einstein_radius_median_pdf": 0.9887917174855212,
    "einstein_radius_lower_3_sigma": 0.9707799180601069,
    "einstein_radius_upper_3_sigma": 1.0021614762855473,
    "vis_total_lens_flux": 721.4076456630042,
    "vis_total_lensed_source_flux": 6.429764043641022,
    "vis_total_source_flux": 4.2103087660690806,
    "vis_magnification": 3.4870512795403497,
    "vis_max_lensed_source_signal_to_noise_ratio": 6.030030609842921
}