{"image_2d_from_0": 0.02315545082092285, "image_2d_from_1": 0.0003504753112792969, "relocated_grid_from_0": 0.008665084838867188, "relocated_mesh_grid_from_0": 0.00014781951904296875, "mesh_grid_from_0": 6.67572021484375e-06, "image_2d_from_2": 0.022790193557739258, "image_2d_from_3": 0.0003497600555419922, "operated_mapping_matrix_0": 2.327131986618042, "data_vector_0": 0.07907366752624512, "curvature_matrix_0": 2.5884196758270264, "regularization_matrix_0": 0.19030022621154785, "curvature_reg_matrix_0": 0.044333457946777344, "curvature_reg_matrix_cholesky_0": 0.36025166511535645, "reconstruction_0": 0.11823773384094238, "mapped_reconstructed_data_dict_0": 0.8125848770141602, "mapped_reconstructed_data_0": 0.00010514259338378906, "reconstruction_reduced_0": 4.100799560546875e-05, "regularization_matrix_reduced_0": 0.09242653846740723, "regularization_term_0": 0.0025377273559570312, "curvature_reg_matrix_reduced_0": 0.09636235237121582, "curvature_reg_matrix_reduced_cholesky_0": 0.34942030906677246, "log_det_curvature_reg_matrix_term_0": 0.00020384788513183594, "log_det_regularization_matrix_term_0": 0.045775413513183594}