{
    "log_evidence": 20451.329176406434,
    "total_samples": 23300,
    "time": "3726.472268819809",
    "number_live_points": 200
}