{
    "log_evidence": 20451.395913866498,
    "total_samples": 22800,
    "time": "4452.7007846832275",
    "number_live_points": 200
}