{
    "einstein_radius_max_lh": 0.8531238144562217,
    "einstein_radius_median_pdf": 0.8151224292010723,
    "einstein_radius_lower_3_sigma": 0.762897412738202,
    "einstein_radius_upper_3_sigma": 0.8735151133579189,
    "vis_total_lens_flux": 137.13582745880657,
    "vis_total_lensed_source_flux": 3.3992627431251705,
    "vis_total_source_flux": 2.7017510608149102,
    "vis_magnification": 2.497967034381736,
    "vis_max_lensed_source_signal_to_noise_ratio": 6.56013331579568
}