{"image_2d_from_0": 0.006824493408203125, "image_2d_from_1": 0.0032062530517578125, "relocated_grid_from_0": 0.010411977767944336, "relocated_mesh_grid_from_0": 9.584426879882812e-05, "mesh_grid_from_0": 6.67572021484375e-06, "image_2d_from_2": 0.005173921585083008, "image_2d_from_3": 0.002901792526245117, "operated_mapping_matrix_0": 0.6812748908996582, "data_vector_0": 0.045091867446899414, "curvature_matrix_0": 0.7075848579406738, "regularization_matrix_0": 0.17026495933532715, "curvature_reg_matrix_0": 0.0020678043365478516, "reconstruction_0": 2.112337589263916, "mapped_reconstructed_data_dict_0": 0.4221065044403076, "mapped_reconstructed_data_0": 8.130073547363281e-05, "reconstruction_reduced_0": 4.76837158203125e-06, "regularization_matrix_reduced_0": 2.86102294921875e-06, "regularization_term_0": 0.0006949901580810547, "curvature_reg_matrix_reduced_0": 3.0994415283203125e-06, "curvature_reg_matrix_reduced_cholesky_0": 0.03480339050292969, "log_det_curvature_reg_matrix_term_0": 0.00021004676818847656, "log_det_regularization_matrix_term_0": 0.02053213119506836}