{
    "fit_time": 3.5975191593170166,
    "image_2d_from_0": 0.001577138900756836,
    "image_2d_from_1": 0.001272439956665039,
    "_blurred_image_2d_from_0": 0.005370616912841797,
    "relocated_grid_from_0": 0.09229850769042969,
    "relocated_mesh_grid_from_0": 0.05418276786804199,
    "mesh_grid_from_0": 1.3113021850585938e-05,
    "image_2d_from_2": 0.0016014575958251953,
    "image_2d_from_3": 0.0012156963348388672,
    "_blurred_image_2d_from_1": 0.005359172821044922,
    "_curvature_matrix_mapper_diag_0": 1.9773294925689697,
    "_curvature_matrix_x1_mapper_0": 2.3365020751953125e-05,
    "curvature_matrix_0": 0.005831241607666016,
    "regularization_matrix_0": 0.24994564056396484,
    "curvature_reg_matrix_0": 0.001203775405883789,
    "w_tilde_data_0": 0.0050811767578125,
    "_data_vector_x1_mapper_0": 0.0012700557708740234,
    "data_vector_0": 3.075599670410156e-05,
    "reconstruction_0": 0.11225128173828125,
    "mapped_reconstructed_data_dict_0": 0.006104707717895508,
    "mapped_reconstructed_data_0": 9.107589721679688e-05,
    "reconstruction_reduced_0": 7.152557373046875e-06,
    "regularization_matrix_reduced_0": 3.0994415283203125e-06,
    "regularization_term_0": 0.0007989406585693359,
    "curvature_reg_matrix_reduced_0": 4.0531158447265625e-06,
    "log_det_curvature_reg_matrix_term_0": 0.019247055053710938,
    "log_det_regularization_matrix_term_0": 0.010417699813842773,
    "figure_of_merit_0": 0.35259199142456055
}