{
    "fit_time": 2.8677544593811035,
    "image_2d_from_0": 0.0015418529510498047,
    "image_2d_from_1": 0.001238107681274414,
    "_blurred_image_2d_from_0": 0.00640869140625,
    "relocated_grid_from_0": 0.09554100036621094,
    "relocated_mesh_grid_from_0": 0.0572662353515625,
    "mesh_grid_from_0": 1.430511474609375e-05,
    "image_2d_from_2": 0.0017278194427490234,
    "image_2d_from_3": 0.0013251304626464844,
    "_blurred_image_2d_from_1": 0.00662541389465332,
    "_curvature_matrix_mapper_diag_0": 1.9477612972259521,
    "_curvature_matrix_x1_mapper_0": 2.1219253540039062e-05,
    "curvature_matrix_0": 0.00581669807434082,
    "regularization_matrix_0": 0.23228216171264648,
    "curvature_reg_matrix_0": 0.001115560531616211,
    "w_tilde_data_0": 0.0051653385162353516,
    "_data_vector_x1_mapper_0": 0.001622915267944336,
    "data_vector_0": 3.552436828613281e-05,
    "reconstruction_0": 0.10548281669616699,
    "mapped_reconstructed_data_dict_0": 0.007311820983886719,
    "mapped_reconstructed_data_0": 9.298324584960938e-05,
    "reconstruction_reduced_0": 6.9141387939453125e-06,
    "regularization_matrix_reduced_0": 3.0994415283203125e-06,
    "regularization_term_0": 0.0007908344268798828,
    "curvature_reg_matrix_reduced_0": 4.76837158203125e-06,
    "log_det_curvature_reg_matrix_term_0": 0.019986391067504883,
    "log_det_regularization_matrix_term_0": 0.010228872299194336,
    "figure_of_merit_0": 0.35365748405456543
}