{"image_2d_from_0": 0.004907131195068359, "image_2d_from_1": 0.002351522445678711, "relocated_grid_from_0": 0.007693290710449219, "relocated_mesh_grid_from_0": 6.365776062011719e-05, "mesh_grid_from_0": 6.198883056640625e-06, "image_2d_from_2": 0.004146099090576172, "image_2d_from_3": 0.002207040786743164, "operated_mapping_matrix_0": 0.6600015163421631, "data_vector_0": 0.03957176208496094, "curvature_matrix_0": 0.5843017101287842, "regularization_matrix_0": 0.06155586242675781, "curvature_reg_matrix_0": 0.0014951229095458984, "reconstruction_0": 1.6644456386566162, "mapped_reconstructed_data_dict_0": 0.38855481147766113, "mapped_reconstructed_data_0": 5.984306335449219e-05, "reconstruction_reduced_0": 5.7220458984375e-06, "regularization_matrix_reduced_0": 2.384185791015625e-06, "regularization_term_0": 0.0006709098815917969, "curvature_reg_matrix_reduced_0": 2.384185791015625e-06, "curvature_reg_matrix_reduced_cholesky_0": 0.03281760215759277, "log_det_curvature_reg_matrix_term_0": 0.00014853477478027344, "log_det_regularization_matrix_term_0": 0.012022018432617188}