{
    "fit_time": 3.017864227294922,
    "image_2d_from_0": 0.0017981529235839844,
    "image_2d_from_1": 0.0013041496276855469,
    "_blurred_image_2d_from_0": 0.006372213363647461,
    "relocated_grid_from_0": 0.09978580474853516,
    "relocated_mesh_grid_from_0": 0.057271718978881836,
    "mesh_grid_from_0": 1.7881393432617188e-05,
    "image_2d_from_2": 0.0017898082733154297,
    "image_2d_from_3": 0.0013751983642578125,
    "_blurred_image_2d_from_1": 0.006375312805175781,
    "_curvature_matrix_mapper_diag_0": 1.9789576530456543,
    "_curvature_matrix_x1_mapper_0": 2.5510787963867188e-05,
    "curvature_matrix_0": 0.005776643753051758,
    "regularization_matrix_0": 0.227339506149292,
    "curvature_reg_matrix_0": 0.0011065006256103516,
    "w_tilde_data_0": 0.005174160003662109,
    "_data_vector_x1_mapper_0": 0.001257181167602539,
    "data_vector_0": 4.1961669921875e-05,
    "reconstruction_0": 0.11046290397644043,
    "mapped_reconstructed_data_dict_0": 0.006903648376464844,
    "mapped_reconstructed_data_0": 9.632110595703125e-05,
    "reconstruction_reduced_0": 9.059906005859375e-06,
    "regularization_matrix_reduced_0": 4.76837158203125e-06,
    "regularization_term_0": 0.0007894039154052734,
    "curvature_reg_matrix_reduced_0": 6.9141387939453125e-06,
    "log_det_curvature_reg_matrix_term_0": 0.019885778427124023,
    "log_det_regularization_matrix_term_0": 0.010210514068603516,
    "figure_of_merit_0": 0.3821113109588623
}