{
    "fit_time": 14.499542236328125,
    "image_2d_from_0": 0.003676176071166992,
    "image_2d_from_1": 0.0036635398864746094,
    "_blurred_image_2d_from_0": 0.024371862411499023,
    "relocated_grid_from_0": 3.814697265625e-06,
    "relocated_mesh_grid_from_0": 0.00014710426330566406,
    "mesh_grid_from_0": 1.0013580322265625e-05,
    "image_2d_from_2": 0.003426074981689453,
    "image_2d_from_3": 0.0034868717193603516,
    "_blurred_image_2d_from_1": 0.024287700653076172,
    "_curvature_matrix_mapper_diag_0": 2.86102294921875e-06,
    "_curvature_matrix_multi_mapper_0": 1.7404556274414062e-05,
    "mapper_operated_mapping_matrix_dict_0": 7.3909759521484375e-06,
    "linear_func_operated_mapping_matrix_dict_0": 2.973491907119751,
    "_curvature_matrix_func_list_and_mapper_0": 0.09032011032104492,
    "curvature_matrix_0": 0.04027199745178223,
    "regularization_matrix_0": 3.5762786865234375e-06,
    "curvature_reg_matrix_0": 0.012542486190795898,
    "_data_vector_mapper_0": 3.0994415283203125e-06,
    "_data_vector_func_list_and_mapper_0": 0.0016415119171142578,
    "data_vector_0": 2.7894973754882812e-05,
    "reconstruction_0": 10.161983251571655,
    "mapped_reconstructed_data_dict_0": 0.6677951812744141,
    "mapped_reconstructed_data_0": 9.679794311523438e-05,
    "reconstruction_reduced_0": 6.604194641113281e-05,
    "regularization_matrix_reduced_0": 0.020262479782104492,
    "regularization_term_0": 0.0020949840545654297,
    "curvature_reg_matrix_reduced_0": 0.01968669891357422,
    "log_det_curvature_reg_matrix_term_0": 0.06634974479675293,
    "log_det_regularization_matrix_term_0": 2.8133392333984375e-05,
    "figure_of_merit_0": 0.012528181076049805
}