{"image_2d_from_0": 0.06608152389526367, "image_2d_from_1": 0.0005044937133789062, "relocated_grid_from_0": 0.008873462677001953, "relocated_mesh_grid_from_0": 0.00015354156494140625, "mesh_grid_from_0": 6.9141387939453125e-06, "image_2d_from_2": 0.0636129379272461, "image_2d_from_3": 0.0005052089691162109, "w_tilde_data_0": 0.013176918029785156, "linear_func_operated_mapping_matrix_dict_0": 2.609989643096924, "_data_vector_func_list_and_mapper_0": 0.1457211971282959, "data_vector_0": 3.4332275390625e-05, "_curvature_matrix_multi_mapper_0": 1.1088588237762451, "linear_func_curvature_vectors_dict_0": 0.6477186679840088, "linear_func_weighted_mapping_vectors_dict_0": 0.0008685588836669922, "_curvature_matrix_func_list_and_mapper_0": 0.1414012908935547, "curvature_matrix_0": 2.6702880859375e-05, "regularization_matrix_0": 0.19283390045166016, "curvature_reg_matrix_0": 0.04610085487365723, "curvature_reg_matrix_cholesky_0": 0.3592197895050049, "reconstruction_0": 0.12102031707763672, "mapped_reconstructed_data_dict_0": 0.011701822280883789, "mapped_reconstructed_data_0": 8.606910705566406e-05, "reconstruction_reduced_0": 4.76837158203125e-05, "regularization_matrix_reduced_0": 0.09730386734008789, "regularization_term_0": 0.002816915512084961, "curvature_reg_matrix_reduced_0": 0.0911855697631836, "curvature_reg_matrix_reduced_cholesky_0": 0.41713976860046387, "log_det_curvature_reg_matrix_term_0": 0.0002522468566894531, "log_det_regularization_matrix_term_0": 0.050810813903808594}