{
    "fit_time": 2.8588640689849854,
    "image_2d_from_0": 0.001485586166381836,
    "image_2d_from_1": 0.001203775405883789,
    "_blurred_image_2d_from_0": 0.00554966926574707,
    "relocated_grid_from_0": 0.8668372631072998,
    "relocated_mesh_grid_from_0": 0.0543055534362793,
    "mesh_grid_from_0": 1.430511474609375e-05,
    "image_2d_from_2": 0.001638174057006836,
    "image_2d_from_3": 0.0012183189392089844,
    "_blurred_image_2d_from_1": 0.0055179595947265625,
    "_curvature_matrix_mapper_diag_0": 1.9499919414520264,
    "_curvature_matrix_x1_mapper_0": 2.7418136596679688e-05,
    "curvature_matrix_0": 0.005557060241699219,
    "regularization_matrix_0": 0.24084973335266113,
    "curvature_reg_matrix_0": 0.001215219497680664,
    "w_tilde_data_0": 0.0052182674407958984,
    "_data_vector_x1_mapper_0": 0.001173257827758789,
    "data_vector_0": 3.0040740966796875e-05,
    "reconstruction_0": 0.10420489311218262,
    "mapped_reconstructed_data_dict_0": 0.006665468215942383,
    "mapped_reconstructed_data_0": 9.584426879882812e-05,
    "reconstruction_reduced_0": 5.9604644775390625e-06,
    "regularization_matrix_reduced_0": 3.0994415283203125e-06,
    "regularization_term_0": 0.0007863044738769531,
    "curvature_reg_matrix_reduced_0": 3.814697265625e-06,
    "log_det_curvature_reg_matrix_term_0": 0.01922607421875,
    "log_det_regularization_matrix_term_0": 0.010447025299072266,
    "figure_of_merit_0": 0.3534965515136719
}