{"image_2d_from_0": 0.0011992454528808594, "image_2d_from_1": 0.0003266334533691406, "relocated_grid_from_0": 0.00946497917175293, "relocated_mesh_grid_from_0": 0.00018072128295898438, "mesh_grid_from_0": 9.5367431640625e-06, "image_2d_from_2": 0.0013628005981445312, "image_2d_from_3": 0.000339508056640625, "operated_mapping_matrix_0": 1.567265510559082, "data_vector_0": 0.07790303230285645, "curvature_matrix_0": 2.5671193599700928, "regularization_matrix_0": 0.26268506050109863, "curvature_reg_matrix_0": 0.0625145435333252, "curvature_reg_matrix_cholesky_0": 0.4630701541900635, "reconstruction_0": 0.14977550506591797, "mapped_reconstructed_data_dict_0": 1.4458320140838623, "mapped_reconstructed_data_0": 0.00011873245239257812, "reconstruction_reduced_0": 5.793571472167969e-05, "regularization_matrix_reduced_0": 0.21184134483337402, "regularization_term_0": 0.004046201705932617, "curvature_reg_matrix_reduced_0": 0.2239236831665039, "curvature_reg_matrix_reduced_cholesky_0": 0.3929004669189453, "log_det_curvature_reg_matrix_term_0": 0.00025534629821777344, "log_det_regularization_matrix_term_0": 0.11112809181213379}