{
    "log_evidence": 20452.20627775903,
    "total_samples": 71600,
    "time": "11233.605868339539",
    "number_live_points": 600
}