{
    "log_evidence": 20451.29272523341,
    "total_samples": 23100,
    "time": "3656.6073944568634",
    "number_live_points": 200
}